StudentID,FirstName,LastName
5912122583,Jennifer,Costa
9125010846,Yara,Scott
7527664807,Dorothy,Rivera-Diaz
1927754233,Rebecca,Owens
1541175155,Fatima,Miller
4965181413,Jeffrey,Hassan
4039911171,Ronald,Farah
5482262387,Adam,Martin
4443459969,Luis,Dubois-Laurent
4874511299,Linda,Kowalski
5857614483,Sarah,Coleman
5984336449,Margaret,Murphy
6111455937,Linda,Harris
2291558222,Zack,Popescu
9820962599,Mei,Brown
3745016871,Jenna,Hunt
4038829919,Sandra,Tucker
9905207544,Jack,Allen
5979700770,Zoey,Kim-Park
3220489330,Brian,Muller
4545812260,Thomas,King
9946097967,Matthew,Laurent
2850755774,Carla,Kennedy
9904426954,Lin,Bryant
5496708915,George,Guerrero
6340332806,Donna,Mac Alister
7555746893,Carla,La Fontaine
1055584579,Mei,Stone
3995242903,Quinn,Taylor-Brown
5834080695,Zack,MacDonald
5584068891,Brian,MacGregor
4261756951,Mason,Rice
5742375192,Barbara,Rodriguez
3875773018,Jack,Cohen-Levy
6489299395,Diana,Taylor
5409640739,Emily,Wells
6323783517,Jenna,Foster
1884881419,Priya,Garcia
8527894904,Steven,Espinoza
1335023175,Edward,Schneider
